kmeans_cluster,Filing_Year,Filing_Month,n_permits,long_centroid,lat_centroid
0,1990,11,2,0.8128572866286079,0.9782281034532752
0,1991,6,1,0.2886072595093583,1.2634008532193626
0,1992,7,1,-0.2219086684610811,0.6711562882065069
0,1992,9,1,2.1961087779658595,-0.324641791675177
0,1993,10,1,-0.4952122793807007,0.1002865740608115
0,1996,5,1,-0.158933606045761,0.6487592188430089
0,1996,7,1,-0.3126386305610549,-0.486650317989844
0,1996,9,2,0.8335383809307686,-0.6744174398774646
0,1996,10,12,-0.20736960003273203,0.3688548259430192
0,1996,11,4,-2.163593813863238,-2.1920187460774767
0,1996,12,2,-0.42398352510451665,-0.24516430357974361
0,1997,1,1,2.046880705882798,0.5212046980032825
0,1997,5,1,1.2883791048854931,1.9629390442586323
0,1997,6,1,1.8993287342178784,-0.0871070449146265
0,1997,7,2,0.005087154923542447,0.19455346694075998
0,1997,8,1,-0.2074302484031233,0.6454304560470497
0,1997,12,5,0.2508839731283548,0.0652559325109421
0,1998,1,2,0.011350477538136616,0.13578245608018744
0,1998,2,3,-0.1097312371968297,0.2705776912694601
0,1998,3,3,0.5752094040086431,0.275741205212835
0,1998,4,3,1.369603813299121,-0.2537286598284438
0,1998,5,10,-0.2577849362894883,0.1323619557268575
0,1998,6,13,-0.179344539425341,-0.0535835203786991
0,1998,7,6,0.409214814257601,0.227356196383073
0,1998,8,15,-0.0406582568134797,0.0176703509668132
0,1998,9,11,-0.1756835832492105,0.0209073762054481
0,1998,10,18,-0.1540596824618839,-0.26730581831918043
0,1998,11,11,-0.1026519183259769,0.5717520921138874
0,1998,12,10,-0.05765634098661895,-0.21588036473083055
0,1999,1,12,-0.2812558556294895,0.1642145461821061
0,1999,2,8,0.13463207407156214,0.05082037259060475
0,1999,3,18,-0.24151463256088718,0.0535004198023157
0,1999,4,13,-0.0984285863517157,0.2646933822325175
0,1999,5,9,0.0778266049711477,0.4886640758676832
0,1999,6,13,-0.2545595456825028,-0.0078982168086062
0,1999,7,8,0.13788503211964165,0.6184858249110219
0,1999,8,12,-0.23511898622910427,-0.13278579580197358
0,1999,9,9,0.0758086682837839,0.4658345294479887
0,1999,10,17,-0.2055005275271665,0.0476161107653265
0,1999,11,7,0.0204753005372905,0.4146056563397324
0,1999,12,13,-0.0265437269777126,0.239321394937145
0,2000,1,12,-0.12508630188128056,0.3958584312230147
0,2000,2,14,-0.37329802792510147,0.16041399023394098
0,2000,6,5,-0.279877483575257,0.0209073762054481
0,2000,7,3,-0.489698791163614,-0.5006730589021293
0,2000,8,4,-0.1368851666657741,0.20202352518370995
0,2000,9,10,-0.410061967356408,0.27528251742602766
0,2000,11,1,-0.4443338101137838,0.4662539011388799
0,2000,12,3,-0.2467083384613299,0.4100187784712862
0,2001,1,2,-0.15336498294656456,-0.5105151882713211
0,2001,2,4,0.21544878435721745,-0.1277271247813216
0,2001,3,2,0.46567844708855877,0.3697656488340278
0,2001,4,2,-0.5456882640080049,-0.0985807922684413
0,2002,2,4,-0.5942510682237265,-0.10922890160601217
0,2002,3,3,-0.0319800263597987,0.6337142594343861
0,2002,4,6,-0.4973459993208006,-0.2586693825610677
0,2002,5,5,0.8827297228034504,0.1639393335099937
0,2002,6,1,-0.6060554464965014,0.396664411191347
0,2002,9,2,0.02619278781844185,-0.9701465614237053
0,2002,11,1,-0.0963224338527883,0.5738751612987675
0,2002,12,3,-0.0521373392814075,-0.1820029953308185
0,2003,1,2,-0.007042519154001302,0.448063654048993
0,2003,2,4,-0.34973889277361486,0.8082318569647438
0,2003,3,5,0.1908531134208765,-0.03020354861478
0,2003,6,2,-0.6448428361035317,-0.017963137388549152
0,2003,7,1,0.5930731058319476,1.731078920689579
0,2003,8,3,-0.1993805556061673,0.7935604004682568
0,2003,9,5,-0.0039163713349856,0.9392134308404992
0,2003,10,2,-1.1697765357616943,-1.6878422361394585
0,2003,11,8,-0.3214712386847372,0.4384181051598481
0,2004,2,3,-0.1149580240265696,0.5511111417057865
0,2004,3,2,-0.4742279432266622,-0.8102938677071817
0,2004,4,12,-0.35266655501684735,0.4195529317550556
0,2004,5,5,-0.1730701898343405,-0.1922513910254564
0,2004,6,2,-0.4692051554609085,0.30353768509585743
0,2004,8,1,-0.3340971267017388,-1.2188077633567318
0,2004,10,1,0.6131863108477745,1.924645166739424
0,2004,11,7,-0.1691886941294576,-0.4236790375383132
0,2004,12,5,-0.7076910882898662,-0.0583014519005721
0,2005,1,5,0.578307984386643,-0.3748877623830122
0,2005,5,1,2.409557960801128,0.1315428703932197
0,2005,6,4,-0.3140280295916936,-0.5136408179045806
0,2005,7,2,0.2218995655711885,0.7161339020483375
0,2005,8,5,-0.417869066671799,-0.0650376096845092
0,2005,9,2,0.3444588951482789,-0.23850022530512605
0,2006,2,3,0.6209713562101963,0.7654624971824647
0,2006,3,4,-2.193405244652834,-2.3789078084873525
0,2006,4,3,-0.1162592072458014,0.3026334148875481
0,2006,5,5,-0.3525342312995802,0.0899726515394602
0,2006,6,3,-0.5213241595767444,-0.8063950215189933
0,2006,7,1,-0.5272787268511792,0.0618354321576587
0,2006,10,1,-0.4157188062670898,0.4574733063620814
0,2006,11,3,-0.4894120897764239,0.0196754718636651
0,2007,1,12,-0.1137946780127297,-0.1584723118654679
0,2007,2,3,0.0485389555622602,0.0242623497321113
0,2007,4,4,0.390943114306324,-0.3151010857087549
0,2007,6,3,-0.0258821083917688,-0.2610021375913002
0,2007,7,3,0.5071178245279593,-0.6190014025435553
0,2007,8,1,-0.4584593669258004,0.2742471935642916
0,2007,9,14,-0.5094315654924841,-0.18339216405663922
0,2007,10,4,0.18631551261833126,0.3552252459909212
0,2007,11,2,0.1807193220779624,1.03190112719714
0,2007,12,5,0.4658328247586384,-0.6042709719031009
0,2008,7,1,0.4592938277331037,2.3172032800893425
0,2008,9,2,0.037467871222305,0.21560068367444665
0,2009,1,3,-0.1412132549162082,0.5167095576921605
0,2009,3,6,0.09803905277494462,-0.551089399359354
0,2009,4,9,0.2799400560322403,0.011772936564472
0,2009,5,3,0.4460283750829709,-1.3616955616425452
0,2009,6,6,0.08145999370626254,-0.1225832688859047
0,2009,7,1,0.6946977206487492,0.3887880866228579
0,2009,8,2,1.0278557596528766,0.6545911064186367
0,2009,10,1,0.1040708088843801,0.4316033151837991
0,2010,5,1,1.0401728923297189,1.515482555505719
0,2010,8,1,-0.3445065924555935,-0.5751246393901741
0,2011,9,1,0.5050557799348137,1.2965705328911123
0,2012,5,1,-2.477509778989828,-2.133588474715684
0,2013,5,1,-0.3249667902143034,0.9531313288300616
0,2013,8,1,1.0401728923297189,1.515482555505719
0,2013,11,12,-0.1434848120616217,0.3016111963911174
0,2013,12,4,0.1465081276911346,0.10901474737629499
0,2014,1,4,0.009889403160621951,1.0423067872759548
0,2014,2,5,1.2539639114345222,0.4865147959521923
0,2014,3,1,-0.5167589913329483,0.3097889443623763
0,2014,4,3,-0.5947638226279506,-0.5990157204023087
0,2014,5,1,-0.2979506979507509,-0.4459712639791816
0,2015,1,1,-0.3637155854039116,-1.3019613064295563
0,2015,12,1,2.1151597439628587,-1.5432572930422623
0,2016,2,1,-2.001375963540827,-1.2315068623697234
0,2016,10,1,1.346766945104048,-1.7832296377558612
0,2017,5,1,0.0604370631345669,-0.4259855818379349
0,2017,11,1,-0.254570572658909,-1.6217453260546215
0,2018,4,1,-0.5681336745395581,-0.7075412507705987
0,2018,6,1,1.8505674444261389,0.648287425690803
0,2018,7,2,-0.2965171910143304,-0.6781655743642683
0,2018,10,2,-0.2857934564321131,0.5848836681830757
0,2018,11,6,0.3634804294970635,0.2810619835403406
0,2018,12,6,0.9825789944144532,2.318317236143097
0,2019,1,3,-0.1131054919856134,0.6601477813221986
0,2019,2,2,-0.08457870395048295,-0.9892410787219017
0,2019,3,2,1.0448979517317978,0.03549364782721698
0,2019,5,2,0.9713755863573093,0.5351094906273999
0,2019,6,1,-0.5809580481324996,-0.042326011552843
0,2019,7,1,0.8052100784715781,0.1832828527496914
0,2019,9,3,0.4134987946023317,-0.5940749976696847
0,2019,11,1,1.7502550398049752,-0.2762960989413779
0,2019,12,1,-0.0360489806639018,-0.4565472938072932
0,2020,1,3,0.0351522061711881,0.726788564068561
0,2020,3,1,-0.0637377184899611,1.2976582782142565
0,2020,6,3,-0.4923452655078595,0.0954375888856049
0,2020,7,1,-0.1260732162721499,0.1792595055906823
0,2020,8,2,0.7505438427994666,1.0558511823532881
0,2020,9,2,-0.12301874379985346,0.9810588623664177
0,2020,10,1,-0.3947785780187546,0.4920714708557543
0,2020,12,7,1.512292888356648,-0.342098138306051
0,2021,1,1,1.9320788542272704,0.5339300077469782
0,2021,2,3,-0.1384785647605558,-0.4033264051675835
0,2021,3,4,-0.1559783763614345,-0.39062730615459174
0,2021,4,3,0.1844464401126873,0.503040661644053
0,2021,5,3,0.9829869925424258,-0.4088699747058401
0,2021,6,14,-0.237555948021082,-0.3872723326279286
0,2021,7,6,0.005737746533158346,0.7561183716961362
0,2021,8,12,-0.13718840851773023,-0.07790707844698361
0,2021,9,7,0.8072169881825356,-0.1573518031290138
0,2021,10,10,0.23533042286796402,0.3907997602023625
0,2021,11,13,-0.0728349740481776,-0.4614749111746116
0,2021,12,14,0.4350179391134852,0.013266948213108587
0,2022,1,11,0.224187663181368,-0.3215620308205797
0,2022,2,10,0.17531610362525193,0.009020809843441557
0,2022,3,15,-0.3922754543682609,-0.6070362039895298
0,2022,4,6,0.3188322019153652,0.5334385565467675
0,2022,5,9,-0.2279735054998921,-0.2807781338871944
0,2022,6,12,0.08154820951774783,-0.4032477729755647
0,2022,7,8,-0.075834311638286,-0.0546647130190973
0,2022,8,13,-0.1855637541341534,-0.0533738345332536
0,2022,9,10,-0.378127843603275,-1.4632097215546458
0,2022,10,5,-0.4029495675564931,-0.4174539890024983
0,2022,11,9,0.0862622419432637,0.055086169008323
0,2022,12,7,-0.2600068720409951,-0.048944221048845
0,2023,1,13,-0.1527915801719493,-0.5921091928689354
0,2023,2,6,0.6203207646006587,-0.21268920827090423
0,2023,3,6,-0.3413253097543898,0.07143511226809496
0,2023,4,5,-0.2521666917962285,-0.1230681674035092
0,2023,5,7,-0.3329613481290713,0.2494387369784492
0,2023,6,13,-0.2288666905909947,-0.1284020510962271
0,2023,7,5,0.3770766914404033,-0.29947949022525
0,2023,8,6,0.3299363671845393,-0.06803218566438851
0,2023,9,11,0.2620101923503414,-0.4439006162556163
0,2023,10,2,-0.27057071546477274,-0.25956054740411816
0,2023,11,2,0.8615358740969874,-0.6130122505838433
0,2024,1,4,-0.5611315445039411,-0.9917835195975796
0,2024,3,1,0.0302341746816076,-0.6765863778409602
0,2024,4,2,0.1175457740869375,0.8200594491827362
0,2024,6,1,-0.3797157282096969,-0.5118781462664844
1,2002,3,1,-0.7433082221720989,-0.1963664757417898
1,2003,1,1,-0.2329907797772859,-0.0992950346794029
1,2003,11,2,-0.6248840087577844,-0.21010089861656417
1,2005,7,1,-0.2793481887063452,-0.35874195228594
1,2006,3,1,0.5249704993748575,-1.1023141708626285
1,2006,7,1,1.4060148894846431,1.6402456335283124
1,2007,8,1,-0.5457930202840212,-0.0498484912571543
1,2007,12,2,1.6307446692120564,-0.3519402676752895
1,2008,2,1,0.4108523202580862,-0.0528103038237235
1,2008,4,1,-0.2961091928862011,-0.4262214784139913
1,2008,7,1,1.1309138814060988,2.255031426923398
1,2008,10,1,-2.3068232107660824,-2.0718622039713344
1,2009,5,1,2.1087751246076385,-0.6073638381229105
1,2009,6,1,-0.0992004747021925,-1.301948201064251
1,2009,7,1,1.6815680035967853,-0.5342096888033621
1,2009,12,1,-0.6577719659724895,0.0376691384733653
1,2010,4,1,-0.3495679746389258,0.3123575959686652
1,2011,6,2,-0.9872028869419702,-0.5400284710136378
2,1989,8,6,1.423806915961072,-0.18007650662603203
2,1989,9,293,1.1454474363464011,0.1932167196762541
2,1989,10,37,1.1131714763237337,0.4097435657992204
2,1989,11,7,0.5174611284232196,0.5059631581145196
2,1989,12,1,0.4788887648565819,1.333933929471214
2,1990,7,15,-0.1842074360327334,0.0251404092098097
2,1990,8,13,-0.4146491895530166,0.3999276471605928
2,1990,9,11,-0.2899892209653587,0.435679083804123
2,1990,10,594,-0.19048178562381224,0.42827455238783985
2,1990,11,2647,-0.1885851456771526,0.4242118891329144
2,1990,12,2529,-0.2525967438771703,0.4302534625539878
2,1991,7,37,0.0231438288343485,0.3454748541791
2,1991,8,38,-0.285324809933671,0.17638943058157705
2,1991,9,23,-0.0216146685117258,0.4438961478713913
2,1991,10,19,-0.1709750643118194,0.3138909237133112
2,1991,11,45,0.2183102847419338,0.3127900730248617
2,1991,12,20,-0.3098432920349329,0.40153305441460485
2,1992,7,107,-0.012892330152263,0.2386005998434841
2,1992,8,24,-0.22146758940365463,-0.14197265690426458
2,1992,9,302,-0.22733394086668252,0.42020164733930376
2,1992,10,189,-0.2964400021793297,0.3416218767696201
2,1992,11,26,-0.22608237904135725,0.4045145250290856
2,1992,12,23,-0.1600142497363971,-0.0040452393991263
2,1993,7,156,-0.2855453494623451,0.30698439617984474
2,1993,8,46,-0.1597496023018629,0.4375334929994969
2,1993,9,31,-0.1246397093357293,0.3643465802665918
2,1993,10,43,-0.2426614381100393,0.4396106934056217
2,1993,11,47,-0.3339317220553312,0.4396106934056217
2,1993,12,36,-0.3339317220553312,0.4396106934056217
2,1994,7,40,0.0308075774561445,0.329525624562168
2,1994,8,364,-0.27801943804609774,0.33214014494716554
2,1994,9,236,-0.21966467875676174,0.31674134067441173
2,1994,10,36,0.10865251759278555,0.23922965737972762
2,1994,11,118,-0.20476723359419005,0.43833292028513
2,1994,12,22,0.2153330011047164,0.3159877821674407
2,1995,7,29,-0.2417351720895613,0.4733832198830041
2,1995,8,33,0.0317228165002163,0.4396106934056217
2,1995,9,217,-0.2192291131876168,0.1882104701169168
2,1995,10,156,-0.39261729063771744,-0.2517038808836337
2,1995,11,267,-0.3239302544296058,0.4063623815418533
2,1995,12,17,-0.2064709014532697,0.4702379322017865
2,1996,7,41,-0.3339317220553312,0.2819138322873351
2,1996,8,30,-0.3232851763081931,0.3726553818911843
2,1996,9,64,-0.2443044575988061,0.31567325339931895
2,1996,10,465,-0.2340603964915157,0.2264126100787077
2,1996,11,165,-0.2050815024226309,0.4343161258089132
2,1996,12,46,-0.3339317220553312,0.29003915879718606
2,1997,7,36,-0.2845749755362419,0.4091996931376018
2,1997,8,32,0.002633652666955302,0.33540338091645794
2,1997,9,57,-0.3339317220553312,0.3643465802665918
2,1997,10,291,-0.2891732247092567,0.3613978730654212
2,1997,11,293,-0.2497517839571417,0.3323825942059212
2,1997,12,236,-0.2872820982508003,0.282804997130339
2,1998,5,1,-0.0560408889389463,1.2566909061660363
2,1998,7,6548,-0.27407178048269876,0.2592153395209743
2,1998,8,6392,-0.271491467997126,0.2691361010822315
2,1998,9,5961,-0.2760400957761559,0.2683759898926544
2,1998,10,6438,-0.2536001987326491,0.2629896847385285
2,1998,11,6470,-0.2775066836419521,0.2438558513442763
2,1998,12,6667,-0.2843213550781139,0.1856942399719427
2,1999,7,7489,-0.2653329016587049,0.2007916208418803
2,1999,8,7507,-0.3060224447005195,0.2386005998434841
2,1999,9,7082,-0.30134149320422243,0.1948286796129189
2,1999,10,6874,-0.2836707634685763,0.1946452044981773
2,1999,11,7220,-0.2887211186753456,0.2493994208824398
2,1999,12,7035,-0.2394856688970388,0.2442883284004729
2,2000,7,1412,-0.3084814604453881,0.2257114730330981
2,2000,8,1991,-0.2998473378974889,0.2391117090916994
2,2000,9,2688,-0.28904090099198965,0.16946979768285175
2,2000,10,32,-0.34649144821373845,0.01331936967447
2,2000,11,415,-0.2132855728895882,0.0298976568276921
2,2000,12,1835,-0.2592129297377057,0.2037010119470415
2,2001,7,22,-0.22644075577542322,-0.4228140834260133
2,2001,8,36,-0.3339317220553312,0.0306577680172692
2,2001,9,23,-0.028120584607885,-1.096718179863057
2,2001,10,22,0.04440935288760915,0.2362743974959043
2,2001,11,28,0.273379005053893,-0.5663047285173664
2,2001,12,33,-0.4370339517143353,-0.0020925399636824
2,2002,7,33,-0.2719821684484591,-0.5728049897252471
2,2002,8,34,-0.36819805132434713,0.0306577680172692
2,2002,9,29,-0.1629363984914264,-0.4433108748153822
2,2002,10,26,-0.1290560133974921,-0.7075412507705987
2,2002,11,410,-0.1289236896803817,-0.04600206653032715
2,2002,12,1937,-0.108143352590251,0.0861065687645818
2,2003,7,472,-0.1544676805899348,0.11243524772962496
2,2003,8,1128,-0.136295223426471,0.25500851724731666
2,2003,9,1710,-0.15296249830671677,0.1842657551500195
2,2003,10,2302,-0.1467763645271232,0.14639124932170233
2,2003,11,2076,-0.22440076513516855,-0.0017518004648101
2,2003,12,318,-0.21484589005499444,0.0252321467671339
2,2004,8,2,0.23985699669418142,0.18276519081877685
2,2004,9,290,-0.0121921171487405,0.20207594664507125
2,2004,10,2797,-0.062182914812758,0.085805145361812
2,2004,11,1983,-0.123603173550875,-0.0307932900550141
2,2004,12,1898,-0.1372104624705428,0.2495042638051626
2,2005,11,20,0.0546368735302901,0.19505147082366983
2,2005,12,36,-0.10516055546475214,-0.4327872664485854
3,2014,5,1,0.08250204297932,-1.4314423159741156
3,2014,12,2,-0.05300295693141599,-1.146177828650611
3,2015,1,2,0.11397303372221396,-0.6603488301865639
3,2015,2,1,0.8871294864006821,-0.3548103426844413
3,2015,3,29,-0.0348360132562336,-1.167120202461575
3,2015,4,69,-0.0578934209799024,-0.3614547629110542
3,2015,5,60,0.07654196221660364,-0.2780653232620802
3,2015,6,57,-0.1069414121589891,-0.4097218234528345
3,2015,7,30,0.3562136520270689,-0.1499538243954299
3,2015,8,47,-0.2716182782261117,-0.1041702305853135
3,2015,9,52,0.0828328522722919,0.3435156020609568
3,2015,10,48,-0.411815256609551,0.0298976568276921
3,2015,11,43,0.2828180968814878,0.2190867108544434
3,2015,12,92,0.042760819910639306,-0.2856664351584104
3,2016,1,56,-0.3169060704410195,0.0427671255901199
3,2016,2,38,0.0067412013886371,0.3255284881338628
3,2016,3,57,-0.1454035059610938,-0.4097218234528345
3,2016,4,65,-0.4259297864451613,-0.196484424029818
3,2016,5,69,-0.0578934209799024,-0.3614547629110542
3,2016,6,50,0.04919506066007925,-0.38113902164948443
3,2016,7,38,-0.3938192310689793,-0.4097218234528345
3,2016,8,53,-0.0994761491129763,-0.3614547629110542
3,2016,9,82,-0.3460228017153746,-0.4097218234528345
3,2016,10,57,-0.4259297864451613,-0.2330221825936294
3,2016,11,72,-0.4259297864451613,-0.4097218234528345
3,2016,12,74,0.024682092046942203,-0.378819371984604
3,2017,1,39,-0.3780286008153051,0.3502845232582972
3,2017,2,56,-0.19973893234031165,-0.0582359250738587
3,2017,3,70,-0.09466287389949055,-0.0524302482288418
3,2017,4,54,-0.20496020568184842,-0.22445782634488265
3,2017,5,101,-0.0764518223185263,-0.196484424029818
3,2017,6,56,-0.1522292043738186,-0.21453706478362544
3,2017,7,62,-0.06661024585108376,-0.3876523882227172
3,2017,8,64,-0.4114293124343126,-0.35181576670460857
3,2017,9,96,-0.0527383094970384,-0.3155335627649049
3,2017,10,78,-0.2668656513829387,-0.2269281877112412
3,2017,11,65,-0.1302303863878167,-0.1519654979748879
3,2017,12,71,0.0628188900444348,0.1422761646054621
3,2018,1,75,-0.1069414121589891,-0.0927685627408182
3,2018,2,35,-0.1061143889263243,-0.2673582397805419
3,2018,3,41,0.1054491809386126,0.2267795603081909
3,2018,4,58,0.03741273634011685,-0.13061685783843144
3,2018,5,84,0.0207620019246373,-0.18247478848293136
3,2018,6,68,0.4799969759882337,-0.1753651277868118
3,2018,7,72,-0.0079742986626825,-0.31162161121136434
3,2018,8,96,-0.04152387446348815,0.3208826361214025
3,2018,9,79,-0.2575588832725327,0.0341044791013497
3,2018,10,822,-0.14768609008299183,0.06846674701891964
3,2018,11,3393,-0.1607751111103109,0.1046113446225904
3,2018,12,623,-0.144488266917022,-0.0935286739304885
3,2019,1,862,-0.1494393793359781,0.1800916962897186
3,2019,2,1316,-0.2830367123235698,0.0899726515394602
3,2019,3,1420,-0.1266631595112962,0.160453306329997
3,2019,4,1601,-0.202457082031198,0.1531011963750286
3,2019,5,693,-0.2645279323790093,0.125461980876137
3,2019,6,388,-0.2128775747614589,0.24795783069521118
3,2019,7,180,-0.12191604615648316,0.1622815047947134
3,2019,8,149,-0.1438487022838907,0.0645482427826798
3,2019,9,109,-0.3017108969148514,0.0652035110496273
3,2019,10,122,-0.1527915801720276,0.027958062757553602
3,2019,11,126,0.0539201200620014,0.053271075908912
3,2019,12,143,0.007661953920912,-0.2233111068778177
3,2020,1,144,-0.113039330127019,0.2423749450610383
3,2020,2,80,-0.1756505023199133,0.01893501872199945
3,2020,3,74,-0.1932054488030584,-0.0719179264872716
3,2020,4,65,0.3203098167574893,-0.6560895864515913
3,2020,5,40,0.40056966473321715,-0.196484424029818
3,2020,6,171,-0.2458151533702273,0.3452389576030437
3,2020,7,300,-0.095296925044497,-0.0029312833453249
3,2020,8,215,-0.0200819187873353,-0.051735663865978
3,2020,9,248,0.09521063331960375,0.10347117783813156
3,2020,10,266,-0.1258802441845699,0.0297666031742653
3,2020,11,270,0.0889032027992277,-0.09683122599574365
3,2020,12,262,-0.045030452969539,-0.20740119335684845
3,2021,1,261,0.0996489913343358,0.2048804948275097
3,2021,2,204,0.03090682024403605,-0.088352054621715
3,2021,3,245,-0.0138075691963348,-0.088352054621715
3,2021,4,217,0.3203098167574893,-0.3002002853188178
3,2021,5,205,0.0273671608086097,0.0218771732404708
3,2021,6,256,0.1638259941809178,-0.094118415370676
3,2021,7,217,0.0898901171901754,0.0045125641670141
3,2021,8,213,0.1291461532955694,-0.0733333059437963
3,2021,9,227,0.2996562898963443,0.1984457604463423
3,2021,10,259,0.100244448061842,-0.1004089907331578
3,2021,11,225,0.0457822114536385,-0.0803053603038829
3,2021,12,253,0.1831232029406429,-0.0959138504220358
3,2022,1,281,0.0576362111203201,-0.182016100696124
3,2022,2,264,-0.0375651899236829,-0.14505897044151464
3,2022,3,472,0.0659726053044661,-0.24850617174110134
3,2022,4,371,0.0622454872697412,0.0827778059686226
3,2022,5,3579,-0.0188248434738853,-0.0180417695806144
3,2022,6,4451,0.0534790410046533,-0.1177211783453928
3,2022,7,3205,0.1092865687377137,-0.1485843137175208
3,2022,8,3570,0.20100895871676,-0.19186478274801516
3,2022,9,3246,0.1207435972528289,-0.1848861757052292
3,2022,10,3383,0.1741031362175837,-0.1394367687112392
3,2022,11,2929,0.098502185785262,-0.1860525532203454
3,2022,12,3167,0.1545192260705118,-0.2824818313811834
3,2023,1,2939,0.1212508381687715,-0.2391817043027309
3,2023,2,2702,0.1524020465951781,-0.22625326139624247
3,2023,3,3719,0.1711368795567726,-0.0944067334081869
3,2023,4,3019,0.1754704812954099,-0.1392926096925071
3,2023,5,2960,0.1228001283577714,-0.11348814534103116
3,2023,6,2933,0.0959218732996109,-0.1469461430502452
3,2023,7,2436,0.2565463255271614,-0.22107664208751548
3,2023,8,2774,0.2535635284018191,-0.3479955527083923
3,2023,9,2178,0.27343965342436266,-0.18284173871241444
3,2023,10,2331,0.2175935312736452,-0.2287105173972489
3,2023,11,1889,0.2775582291223724,-0.2115424888037461
3,2023,12,1425,-0.0389159945368997,-0.0511328170603453
3,2024,1,1257,-0.1237796051738456,-0.1536954061995809
3,2024,2,1078,-0.001556598378087,-0.0161218335585272
3,2024,3,1684,0.02826585938807205,-0.0430861227425132
3,2024,4,1370,0.1065629055584675,-0.00130621804335475
3,2024,5,1439,-0.0693504494950177,-0.0553134286033921
3,2024,6,1057,-0.1063349284550767,-0.0330212021625238
3,2024,7,464,0.0271797022092328,-0.0553134286033921
3,2024,8,2,0.21005107939278847,1.2185346349830006
3,2024,9,100,-0.3393790484137451,0.12659559497789655
3,2024,10,2,0.08146550719446571,-0.7749159339758807
3,2024,11,244,0.06600017274556019,-0.0606276542481519
3,2024,12,91,0.1545192260705118,-0.3543778656282448
3,2025,1,1,-0.5313807620846578,-1.2533404010236913
4,1989,5,3,0.4382323027439861,0.3125410710834068
4,1989,6,1,1.346766945104048,-1.7832296377558612
4,1990,1,10,1.2648751046161164,0.5450826736500185
4,1990,2,6,0.36402075134238154,0.41813099961583167
4,1990,3,4,0.8162535953703609,0.5571985839054754
4,1990,4,8,0.32658967983677123,0.2656566265848875
4,1990,5,17,0.5855085999981215,0.4728852160001873
4,1990,6,11,-0.4054967991127687,0.4153526621640972
4,1991,1,1599,-0.2482851960915023,0.4202278580700078
4,1991,2,13,-0.3954953314870433,0.3643465802665918
4,1991,3,18,0.5700928869432793,0.053991871002572855
4,1991,4,23,0.0540083358735651,0.3698246229780419
4,1991,5,19,0.1157814578574666,0.3643465802665918
4,1991,6,22,-0.06969228576447425,0.3922872191682998
4,1992,1,44,-0.2186887913422987,0.2904126617093219
4,1992,2,24,-0.42166234656519663,0.26492272612592116
4,1992,3,24,-0.0507369132742057,0.08989401934739485
4,1992,4,25,-0.1461533403586013,0.4271737016993904
4,1992,5,27,-0.0646750114870021,0.3274287661079919
4,1992,6,380,-0.2807265607606561,0.4074239161342933
4,1993,1,28,-0.3339317220553312,0.1588151356626282
4,1993,2,23,-0.4792452175041342,0.0648627715508481
4,1993,3,22,-0.29254747949804044,0.4396106934056217
4,1993,4,27,-0.3339317220553312,0.3684878757135361
4,1993,5,26,0.06721865364158819,0.27849333193395864
4,1993,6,324,-0.2637450170521263,0.05935851810864745
4,1994,1,36,-0.3339317220553312,0.4396106934056217
4,1994,2,15,-0.3339317220553312,0.4396106934056217
4,1994,3,32,-0.3339317220553312,0.4396106934056217
4,1994,4,34,-0.3339317220553312,0.4302600152366405
4,1994,5,20,0.16582187691546907,0.37225566824839096
4,1994,6,28,-0.23585228016200227,0.335573750665894
4,1995,1,34,-0.0783594892416706,0.46640461284021817
4,1995,2,28,-0.028120584607885,0.4396106934056217
4,1995,3,41,-0.0813257459024817,0.3990233769522835
4,1995,4,36,-0.2613687036305398,0.3885325319987968
4,1995,5,28,-0.21397475891670448,0.22853567926354126
4,1995,6,37,-0.3517182350434783,0.2514962793366159
4,1996,1,19,-0.2736362149134754,0.0168053968545133
4,1996,2,29,0.0476016625652191,0.3367466808636165
4,1996,3,34,-0.36543028023939755,0.10749452499704765
4,1996,4,26,-0.0674703500129675,0.4103791760181166
4,1996,5,38,-0.14983083699949795,-0.12679009115960896
4,1996,6,39,-0.3156379681510848,0.1719467117318164
4,1997,1,28,-0.3510069950635495,0.4067227790886371
4,1997,2,24,-0.3339317220553312,0.19709590781643793
4,1997,3,33,-0.3157151569860855,0.4178033654823579
4,1997,4,49,-0.2570847232859657,0.4245002071703788
4,1997,5,23,-0.2682991583193593,0.3624331969271573
4,1997,6,30,-0.3339317220553312,0.41455978756107026
4,1998,1,95,-0.3194643289737797,0.151712027649208
4,1998,2,117,-0.2063054968067054,0.1524721388387851
4,1998,3,121,-0.3339317220553312,0.2676289840682895
4,1998,4,1171,-0.3214602117083309,0.2263995047134023
4,1998,5,5469,-0.2786314352382133,0.2573543776429477
4,1998,6,6303,-0.2390556168160969,0.2471715087749301
4,1999,1,6312,-0.28840133635878,0.2106468555764241
4,1999,2,6191,-0.2648918226012001,0.2007654101112694
4,1999,3,7345,-0.3023504615479827,0.2310781201391727
4,1999,4,6850,-0.3026812708409546,0.23696898185886123
4,1999,5,6939,-0.2915440246425617,0.1902811178403889
4,1999,6,7715,-0.2798223486930689,0.1983016014276102
4,2000,1,6973,-0.2804288323969814,0.2438558513442763
4,2000,2,6610,-0.28466319134757045,0.2358484731224536
4,2000,3,298,-0.22999695567545908,0.22137359710606036
4,2000,4,14,-0.3339317220553312,0.4010219451663895
4,2000,5,72,-0.40642306513324666,0.01953786552758555
4,2000,6,1261,-0.1040743982859912,0.2046839143474627
4,2001,1,1550,-0.2711606587039973,0.17275924438284812
4,2001,2,2232,-0.26897731737014763,0.23136643817668362
4,2001,3,654,-0.23271510536650203,0.1902942232057875
4,2001,4,36,-0.3339317220553312,0.4331825117071071
4,2001,5,26,-0.0811327738148234,-0.428069334926759
4,2001,6,31,-0.1564966442538616,-0.6386725559166336
4,2002,1,424,-0.1149580240265696,0.1250163984545885
4,2002,2,1182,-0.10066154907970715,0.24032395538557094
4,2002,3,1696,-0.1875486098923767,0.0913683729479802
4,2002,4,2298,-0.22655102553987785,0.1544707070529377
4,2002,5,2050,-0.259030984626532,0.0634146286809202
4,2002,6,29,-0.3047433154341002,-0.5414569558355146
4,2003,1,1538,-0.14748209101892717,0.16295643110961905
4,2003,2,1396,-0.14319811067427485,0.18996658907226716
4,2003,3,1948,-0.22426844141797975,0.09029373299018814
4,2003,4,33,0.0723572246598428,-0.0769503867772198
4,2003,5,29,0.0215779981807392,-0.0441607627002587
4,2003,6,25,-0.0439112148614809,0.04824516830157
4,2004,1,464,-0.15372335968070885,0.23714590429095006
4,2004,2,1178,-0.1262000265011355,0.0122512823993772
4,2004,3,2137,-0.1383021331375852,0.0483369058589873
4,2004,4,2122,-0.1913584302503054,0.1063150421165328
4,2004,5,125,-0.3091982139135201,0.051010400387999
4,2005,1,1436,-0.1264371064944974,0.02995663097170615
4,2005,2,1,-0.079682726413715,0.2376832242698694
4,2005,4,1,-0.4810867225686841,0.3665089655473882
5,2002,6,1,-0.3047433154341002,0.9544942868252716
5,2004,3,1,1.108297552739778,0.4312887864157239
5,2004,5,2,0.05416271354356644,1.1358004636009276
5,2004,11,1,-0.700214798267447,-0.0710660777402771
5,2005,7,1,-0.21894241180027,0.6271353660344866
5,2005,8,1,-2.4421462655655666,-1.431206419397966
5,2007,3,1,1.8064374847367888,0.093681469930208
5,2007,4,1,1.203283927743232,-0.0585766645726379
5,2009,3,2,1.458977457297675,0.4128233266537246
5,2010,7,1,0.3981933513117091,-1.3368739996913974
5,2011,4,1,0.4435803863145085,2.317832337625586
5,2011,7,1,1.907874640954371,-0.6834929053743335
5,2012,7,1,0.2820241545781985,0.55018066076668
5,2013,3,2,0.2763342347382979,1.2166409096915245
5,2013,4,1,1.7264257437308297,0.4688618688411782
5,2013,6,1,1.7264257437308297,0.4688618688411782
5,2013,11,1,-0.5931428570921531,-0.5535138919469573
5,2014,3,1,-0.699828854092287,0.1034187563767236
5,2014,5,1,-0.1360416029684997,-0.0750238980724798
5,2014,10,1,1.3519827049573816,1.6106406132286712
5,2015,6,1,0.0287455328629989,0.0739185789997123
5,2015,7,1,1.0793737935530814,-1.8695022577792924
5,2015,8,3,-0.4815388286024385,-0.531470667447637
5,2015,9,1,-1.5842033910852311,-1.2865493967914503
5,2015,10,1,0.1875229665378746,0.5498923427292156
5,2016,7,1,-0.586791318666152,-1.2259239767355503
5,2016,12,1,-0.164612498909412,0.7635097977470208
5,2017,3,2,-0.2644562570321334,0.8089460993756586
6,2004,5,2194,-0.15596183589682505,0.14022517492994804
6,2004,6,42,-0.0142596752300892,0.1359462731469244
6,2004,7,37,-0.0089115916595668,-0.5478261633900616
6,2004,8,29,-0.1681190774153845,0.0412206924801685
6,2005,2,19,0.4232797226993047,-0.2063265533990564
6,2005,3,46,0.21528889319893454,0.4936047986003071
6,2005,4,33,-0.0439112148614809,0.4036888870127485
6,2005,5,421,0.0126020393634618,0.0107638234334399
6,2005,6,1750,-0.10352856295254835,0.1803603562791317
6,2005,7,2434,-0.0608872450818076,0.2101488516936074
6,2005,8,2064,-0.10857891815939599,0.1414570792717777
6,2005,9,2162,-0.0937310943908876,0.08592964633249289
6,2005,10,30,-0.0030397267084142504,-0.2562383372907651
6,2006,1,73,0.1333805122462368,0.0252321467671339
6,2006,2,1737,-0.1006229546622068,0.0830661240059938
6,2006,3,2011,-0.0632194505976123,0.0539328968584656
6,2006,4,2191,-0.0918785623499315,0.1188568767455335
6,2006,5,2089,-0.1331635621192523,0.1191845108790072
6,2006,6,980,-0.13518149880677277,0.16952221914421317
6,2006,7,38,0.3327703001280833,-0.3884124994123875
6,2006,8,49,0.4924739998234371,-0.2287105173972489
6,2006,9,1128,0.02438987717147065,0.0930917284899738
6,2006,10,1210,-0.1222468554495334,0.08456668833728309
6,2006,11,2352,-0.025248057246762302,0.11610475002440984
6,2006,12,116,-0.0484433021759014,-0.09983235465827565
6,2007,1,4247,-0.0643111212646547,0.0592143590899618
6,2007,2,1381,-0.103732562016613,0.1473741517221236
6,2007,3,2199,-0.1272861836798181,0.0875743696825143
6,2007,4,2441,-0.0993327984193813,0.1794691914361278
6,2007,5,523,-0.0175567411838723,0.1244004462836969
6,2007,6,898,-0.0293445789919595,0.22114425321261005
6,2007,7,1024,-0.15276401273093354,0.294534299108308
6,2007,8,801,-0.1544566536135286,0.2306325377176708
6,2007,9,3505,-0.187008288047137,0.1370995452966886
6,2007,10,3408,-0.11400419056499744,0.24408519523768005
6,2007,11,868,-0.1910882693276464,0.13773515551563145
6,2007,12,1834,-0.1695084764461016,0.05519101193099925
6,2008,1,157,-0.0923968302422802,0.1220939019841684
6,2008,2,38,0.35605376086870766,-0.38988030033032
6,2008,3,61,-0.0293445789919595,0.390662153866283
6,2008,4,85,0.1054491809386126,0.3093564673061797
6,2008,5,44,-0.0293445789919595,0.0247472482496226
6,2008,6,66,-0.0293445789919595,-0.0277790560271301
6,2008,7,83,0.4996635884585094,0.4273178607181226
6,2008,8,55,-0.0293445789919595,0.339970600736946
6,2008,9,39,0.1010935252471627,0.4273178607181226
6,2008,10,48,0.20455964512859265,0.4049928708639907
6,2008,11,25,-0.0293445789919595,-0.0825856938728006
6,2008,12,40,0.1174851257164679,0.3834345448820887
6,2009,1,1170,-0.24067658235197276,0.1698498532776403
6,2009,2,36,-0.1782638957348616,0.27310702677983273
6,2009,3,2102,-0.2741103749001991,0.3024499397728065
6,2009,4,3495,-0.1268671585754392,0.1680937343223365
6,2009,5,192,-0.0988531249445328,-0.0053033544716133505
6,2009,6,3718,-0.17353332284457962,0.2144998329859972
6,2009,7,920,-0.15195904345115963,0.2845742214510414
6,2009,8,480,-0.19007930098404285,0.2316547562141014
6,2009,9,60,0.016748182502643948,0.5227380257478353
6,2009,10,42,-0.12858736689904995,0.4396106934056217
6,2009,11,46,-0.1629915333736145,0.4060281947257268
6,2009,12,49,-0.0293445789919595,0.3247159554828777
6,2010,1,44,0.1509905936116484,-0.0654176652793909
6,2010,2,47,-0.0204347820332765,0.1662982992709302
6,2010,3,108,-0.0293445789919595,0.3334572341636667
6,2010,4,37,-0.3339317220553312,0.4396106934056217
6,2010,5,47,0.281031726699126,0.3850923735974156
6,2010,6,52,0.1040708088843801,0.2279590431886591
6,2010,7,55,0.6456166485404438,0.4273178607181226
6,2010,8,31,-0.2391548596040668,0.4396106934056217
6,2010,9,43,-0.3339317220553312,-0.3920164748805055
6,2010,10,43,-0.3339317220553312,0.3321598029951703
6,2010,11,40,-0.0410938223825463,0.3850923735974156
6,2010,12,21,-0.0994761491129763,0.4396106934056217
6,2011,1,34,-0.1507626165081008,0.3850923735974156
6,2011,2,25,0.4460283750829709,0.1295770655923773
6,2011,3,30,-0.3339317220553312,0.4396106934056217
6,2011,4,44,-0.010317531154893454,0.3762069358978944
6,2011,5,40,0.25228439913539985,0.10706860062355035
6,2011,6,59,0.2689020526216606,0.4273178607181226
6,2011,7,29,1.1281350833448214,-0.3920164748805055
6,2011,8,42,0.1956057402640495,0.2551723343141
6,2011,9,58,-0.0938854720609673,0.3915402133440281
6,2011,10,43,0.1040708088843801,0.2868152389239496
6,2011,11,32,-0.0921211558314964,0.3850923735974156
6,2011,12,34,0.1010935252471627,0.3850923735974156
6,2012,1,34,-0.0517293411532782,0.0012034594190130999
6,2012,2,39,0.1054491809386126,-0.2825342528424982
6,2012,3,39,-0.033402506319813,0.4316033151837991
6,2012,4,29,-0.0986601528568744,0.3724456960457388
6,2012,5,35,-0.3339317220553312,0.4396106934056217
6,2012,6,35,0.165678526221874,0.4396106934056217
6,2012,7,33,-0.1632892617372109,-0.6876342008213708
6,2012,8,34,0.1956057402640495,-0.1282447867121895
6,2012,9,25,0.1956057402640495,0.4396106934056217
6,2012,10,41,0.1010935252471627,0.3850923735974156
6,2012,11,40,0.0264408947882099,0.3571648400610596
6,2012,12,36,-0.3339317220553312,0.4356070042947104
6,2013,1,26,-0.055197325241750396,-0.38037891045986083
6,2013,2,48,0.04026872323663015,0.41282987933637727
6,2013,3,42,-0.2054674465977909,-0.1094910089127725
6,2013,4,38,-0.0567686693836412,-0.18242891970426925
6,2013,5,54,-0.1843783541675009,-0.0277790560271301
6,2013,6,40,0.03751749261629,0.4222133209187618
6,2013,7,45,-0.2563238619118952,-0.0716951352765207
6,2013,8,50,0.1040708088843801,0.0070156889466362
6,2013,9,672,-0.2463665021919517,0.2690116001115507
6,2013,10,35,-0.3339317220553312,-0.1972445352194883
6,2013,11,3146,-0.2314911109822709,0.199441768212069
6,2013,12,1769,-0.2878830684664312,0.2501464267067115
6,2014,1,1408,-0.2950064952429091,0.1722743458652902
6,2014,2,1592,-0.2976639965634825,0.1595424834389418
6,2014,3,1959,-0.2200010015379368,0.2012896247247902
6,2014,4,1363,-0.2567428870164308,0.2025346344319718
6,2014,5,291,-0.1192695718122376,0.2579572244484873
6,2014,6,32,-0.4259297864451613,0.028305354939031996
6,2014,7,46,-0.0517293411532782,0.0306577680172692
6,2014,8,28,-0.25538656891508926,-0.0859013513034544
6,2014,9,36,-0.07657311905938714,-0.5925220118770806
6,2014,10,39,0.0843325210673069,-0.2319082265398745
6,2014,11,33,0.281031726699126,-0.421018648374607
6,2014,12,41,0.5058276682851337,-0.091785660340397
6,2015,1,35,0.4049969957716213,-0.0608832088722595
6,2015,2,24,-0.4259297864451613,0.4245002071703788
6,2015,3,37,0.3056770190293735,0.6219194306297038
6,2015,4,5,-0.5236398246278612,0.3860490652671329
7,1990,12,3,0.1742685408639913,1.474017179574589
7,1995,11,5,0.1098599715122506,0.4534761699337762
7,1996,1,1,-0.0673655937368727,0.0891208027924657
7,1996,10,1,0.8542139617447262,2.310873388630805
7,1997,12,1,-2.074120927076714,-1.1802124624347536
7,1998,1,1,-3.227520608132985,-2.3939789786266323
7,1998,3,1,2.2651707313726464,-0.8107328974459846
7,1998,5,2,0.4440931407187325,1.0107883836368328
7,1998,6,3,-0.0837957886237566,0.628904590355189
7,1998,7,1,1.0029568468646577,-0.8582922682595027
7,1998,8,3,-0.5732391646285155,-0.2393258633214631
7,1998,9,3,0.5853542223281202,1.7186419289833474
7,1998,10,3,-0.2869457754695468,-0.9304635151787228
7,1998,11,5,-0.3689644261864641,-0.3746387604415572
7,1998,12,2,0.09636846584524053,0.83492748615927
7,1999,1,4,-0.48949479209962776,0.12730328470620544
7,1999,2,5,0.5005457465732057,0.4273178607181226
7,1999,3,4,-0.3237758767594478,0.6553577702909595
7,1999,4,5,-0.1115947962141921,0.396441619980596
7,1999,5,3,-0.1002700914162656,-1.4706142529709292
7,1999,6,1,0.1835312010686155,-0.9156413469808512
7,1999,7,5,-0.2474691998354004,0.4213024980277532
7,1999,8,3,-0.5489687894970218,0.0209073762054481
7,1999,9,1,1.5476012668987214,-0.6566924332571309
7,1999,10,2,0.7552358212720918,0.7531500064469608
7,1999,11,2,0.35585527529284616,-0.7626820754323956
7,1999,12,9,-0.3455872361462296,-0.0657059833167621
7,2000,1,4,-0.09239131675407714,-0.5588150122264116
7,2000,2,3,1.58952583130133,-0.1904166398781338
7,2002,1,1,-0.4625503751828728,0.3572958937144864
7,2002,3,2,-0.7775800649292397,-1.119967097973596
7,2002,4,1,0.8236802639986384,0.2873918749987852
7,2002,5,1,0.455831357132913,-0.3271711271854565
7,2002,6,2,-0.025788379092002045,1.3076183558715229
7,2002,12,1,-0.7069743348215775,-0.0553134286033921
7,2003,6,1,-0.6045006428192984,0.1657347685614001
7,2003,10,1,0.3701517502397086,-0.9515893641043351
7,2003,11,1,1.5191957756043737,0.5414524874512896
7,2003,12,1,-0.5409742315824106,-0.0177272408124461
7,2004,2,1,-0.4269663222300155,-0.5950710054354114
7,2004,4,1,-0.2505788071898066,-1.3874607098980116
7,2004,5,1,0.3278302146855335,0.7631559528829361
7,2004,9,1,-0.505312989794396,0.4448266288104046
7,2004,11,2,0.6620137624981088,-0.7643005880516199
7,2004,12,1,1.7325346886754225,0.3853937970001854
7,2005,1,1,0.6213793543383256,-0.1288607388831276
7,2005,7,3,0.0303775253752026,1.320959617786157
7,2005,8,1,-0.6020416270744298,0.1202198347407433
7,2005,9,2,0.7798866270905422,0.5862728369089895
7,2006,4,2,-0.04216343909669787,0.32558090959527075
7,2006,5,2,-0.23574752388590758,0.7192660843642494
7,2006,6,1,1.1850783896505492,-0.3811652323801419
7,2006,11,1,-0.5085769748189602,-1.2945698803786716
7,2007,1,1,-0.2252718962734585,0.9016665591456556
7,2007,2,3,-0.2030194578294853,0.4626106095747523
7,2007,4,4,0.1716441204727151,-0.2103761112886765
7,2007,6,2,0.6816307535743211,0.6283803757416216
7,2007,8,1,-0.2708243359228223,0.5041284069671971
7,2007,9,2,-0.47969732353788863,0.23559947118099867
7,2007,10,3,-0.2131091412666176,-0.1484532600641872
7,2007,11,1,0.4069487706003907,1.3102001128432104
7,2008,9,1,1.3807190055447014,0.0059279436235388
7,2009,1,1,1.601876044907548,-0.5269231056751071
7,2009,4,1,-0.1718682494030786,-0.2803718675617019
7,2009,6,3,-0.0370744894723498,0.1840036478432592
7,2010,2,1,0.5050557799348137,1.2965705328911123
7,2010,3,1,-0.0567686693836412,-0.4003776979664128
7,2013,6,1,-0.3397980735182024,0.5224890238063804
7,2013,11,3,-0.1333289667658166,0.6042140820573748
7,2013,12,4,0.3514555116956929,0.3599300721474887
7,2014,1,1,0.7028466562336751,0.5405744279735911
7,2014,2,3,1.0018872301505846,1.3468427143296513
7,2014,3,1,-0.783975711261101,-1.3155777810162557
7,2014,4,1,-0.3273927250297965,0.2468831907374657
7,2016,2,1,0.4592938277331037,2.3172032800893425
7,2017,10,1,0.6050704561922242,-0.6463654053703811
7,2018,2,1,-0.4298884709850449,0.0839179727529883
7,2018,6,1,1.7430544241934969,-0.3934449597023356
7,2018,7,1,1.7430544241934969,-0.3934449597023356
7,2018,9,1,-0.6186703075370968,0.172130186846558
7,2019,1,1,-0.5458040472604275,0.2812323532896837
7,2019,2,1,-1.3747349467426588,-1.3852983246172152
7,2019,5,1,-3.408374048628864,-2.8199819843203664
7,2019,8,1,0.0870120763407712,-0.3069757591988574
7,2019,9,6,0.3749815659178821,-0.4268439832675821
7,2019,10,2,-0.025352813522857048,-0.07425068151750415
7,2019,11,3,1.218931207303389,-0.5158752826947897
7,2019,12,1,-0.5260106245611662,-0.7380505412786421
7,2020,1,2,0.33013485276032245,0.7736140344230196
7,2020,2,2,1.1488823395055765,-0.1334410640689212
7,2020,3,2,0.637776468295834,-0.5683032967314724
7,2020,4,1,-0.0675420253598433,-0.5919912445809071
7,2020,5,4,-0.1379272159388315,1.2222369006910956
7,2020,6,5,-0.1537729810746154,-0.401413021828149
7,2020,7,5,-0.1005126848978306,0.3212299283028809
7,2020,8,5,-0.0645757686990322,0.2486262043274641
7,2020,9,3,-0.3044345600940976,-0.5039494002367736
7,2020,10,7,-0.4236802832526388,-0.3659892193181855
7,2020,11,7,-0.1046257471077155,-0.0688774817286837
7,2020,12,4,-0.43701189776144445,-0.7718492784866353
7,2021,1,7,-0.1470906333554857,-0.5712061351539809
7,2021,2,3,0.3958887132369985,1.1773379190413769
7,2021,3,7,0.378951277434172,-0.4445820952532678
7,2021,4,7,-0.0740369144794395,-0.41677251000494
7,2021,5,7,0.3911030054646067,0.541439382085891
7,2021,7,8,0.1380394097897214,-0.7980272457503401
7,2021,8,1,-0.3946242003487533,-0.6739653047732633
7,2021,10,3,0.8357878841232911,-0.7057196049884884
7,2021,11,3,-0.1285653129462374,-0.458552414704145
7,2021,12,2,0.09279021199231385,-0.6385873710419618
7,2022,1,3,0.1529092875111206,1.157601238841492
7,2022,2,1,1.1883975095573016,-0.389015346217927
7,2022,3,1,-0.1354461462411503,0.1308351806649574
7,2022,5,4,-0.25811574558246014,-0.7127309754445844
7,2022,6,2,0.24688118068268944,0.928073870302811
7,2022,8,1,1.3542542621028733,-0.3729481683129668
7,2022,11,1,-0.3985718579120739,0.2586518088114442
7,2023,1,2,-0.5880980153735085,-1.8730931278820586
8,1990,5,1,-0.1097532911496422,0.7479406237248772
8,1990,7,1,1.5172109198462285,1.297592751387543
8,1990,8,3,0.4642669941050291,0.648484006170943
8,1990,9,2,-0.5243951725136502,0.4027846168044392
8,1990,10,3,0.2931503738003418,0.1461553527456459
8,1990,11,3,2.093381465505609,0.2413003051032929
8,1990,12,10,-0.0021244876644208,0.47861226065309237
8,1991,1,4,0.45960258307334145,1.2493256908457628
8,1991,7,2,0.7782766885312293,1.4774835487066742
8,1992,6,1,-0.3510676434339407,0.3733237555234373
8,1992,7,2,-0.5018229517530329,0.3970510194688349
8,1992,9,1,-0.4763120417726986,-0.3978352570907348
8,1993,1,1,-0.3653806588453342,0.7201965653032628
8,1993,6,1,1.9155053086467912,-0.4921807821627021
8,1993,7,1,-0.2202766759488773,-0.3248121614246131
8,1993,11,1,1.3044343825734666,0.6640531801930866
8,1993,12,2,0.22347642320128253,1.273734433788765
8,1994,2,1,-0.3339317220553312,0.4396106934056217
8,1994,6,1,-0.4742169162501775,0.5468650033360263
8,1995,5,1,-0.7003471219846359,0.0697248620914532
8,1996,5,1,-0.158933606045761,0.6487592188430089
8,1996,8,1,-0.158933606045761,0.6487592188430089
8,1996,11,1,-0.1364716550494416,-0.2080040401623414
8,1997,4,3,-0.5681336745395581,-0.7075412507705987
8,1997,5,1,-0.1765436874110942,-0.5064787357470532
8,1997,7,1,1.5489906659293602,-0.0769503867772198
8,1997,8,1,-0.3080734623172588,-1.6755035346732507
8,1997,9,2,0.8658860163003124,0.9019286664524626
8,1997,10,5,-0.4343985043464961,0.0400281042343017
8,1997,11,3,-0.1160496946934552,-0.7547467767198459
8,1997,12,7,1.027150033161151,0.2941280327828154
8,1998,1,7,0.283468688491182,0.160230515119246
8,1998,2,9,-0.117064176525497,-0.021632639683334
8,1998,3,17,0.7412425881771855,0.2435282172108026
8,1998,4,28,-0.1048242326834987,0.1528784051643242
8,1998,5,58,-0.0902906777433528,-0.0953503197125057
8,1998,6,37,0.2517992121722699,-0.2027618940269477
8,1998,7,39,-0.0711368196773795,-0.256166257781399
8,1998,8,24,-0.13567771274623064,0.33028573575174514
8,1998,9,62,-0.013427138509377901,0.23006245432548794
8,1998,10,40,-0.24601363894608888,0.19203723679578583
8,1998,11,49,-0.0843691913982935,0.2284570470714759
8,1998,12,51,0.0767239073278557,-0.0410810018457545
8,1999,1,49,-0.1273082376327874,-0.0505692863508152
8,1999,2,54,-0.0872306917829316,0.3098675765543485
8,1999,3,38,-0.21597615513945878,0.02081563864807735
8,1999,4,44,-0.065799763083185,0.2970308712052774
8,1999,5,65,0.0566327562648413,0.0839834995797017
8,1999,6,60,-0.1899800581960729,0.036273417064845354
8,1999,7,63,-0.3734413786186965,0.2006867779191575
8,1999,8,71,-0.0791975394507417,0.0101871873585112
8,1999,9,83,0.4046882404314619,0.2179203333393737
8,1999,10,60,0.19030176459923054,0.2654207300087845
8,1999,11,68,-0.0605068143948507,0.07224109223642725
8,1999,12,74,0.0642468834926523,0.1618359223731649
8,2000,1,52,-0.24588131522882176,0.11759876167299985
8,2000,2,36,-0.025082652600198,0.18992727297625775
8,2000,3,2,-0.34295730226659354,-0.20952426254163548
8,2000,4,1,-0.1002700914162656,-0.2614084039167927
8,2000,5,2,-0.28452535414217855,0.14630606444703087
8,2000,6,10,0.3502921656818529,0.3284968533830381
8,2000,7,16,0.009448324103195502,0.39582566780965794
8,2000,8,15,-0.3093305376307089,-0.376892883279864
8,2000,9,20,-0.06715056769640185,0.6446048180307127
8,2000,10,7,1.1509719515398944,-0.4140728047452243
8,2000,11,6,-0.5132248453858818,0.1066033601539972
8,2000,12,18,0.1500588141028889,0.35816740050943896
8,2001,1,7,-0.0663731658578003,0.1136671520714546
8,2001,2,29,-0.0516411253418712,0.1695091137788612
8,2001,3,8,-0.24543472268327052,-0.00585377981583815
8,2001,6,1,0.0627196472564649,0.3275991358573349
8,2001,7,1,-0.2918968878885029,-0.3176959480457944
8,2001,8,1,-0.4453593189220751,0.7428295312429103
8,2001,10,2,-0.0745937767894454,1.0743756162593017
8,2001,11,4,0.46893140513663834,0.4185831347199863
8,2001,12,6,-0.13223729609877416,0.501559755360815
8,2002,1,13,-0.0361482234518717,-0.0315402958792858
8,2002,2,10,-0.4880392312103162,0.1684213684557637
8,2002,3,13,-0.1586579316349771,0.3730354374859729
8,2002,4,18,-0.2331065630299436,0.1088378249442062
8,2002,5,24,0.9020489855159881,0.5054913649623602
8,2002,6,1,-0.648740872273024,-0.0630062780570465
8,2002,7,1,0.1257277906010039,1.6657486744771115
8,2002,8,5,-0.5283593705416586,-0.0597430420878007
8,2002,9,2,-0.3811712890990085,0.8138344006469678
8,2002,10,11,-0.1705780931602531,-0.4166545617169118
8,2002,11,6,-0.5454787514556587,0.12834516125059425
8,2002,12,35,-0.1149580240265696,0.5511111417057865
8,2003,1,30,-0.0673159723428878,0.3331296000302395
8,2003,2,12,0.2563754073924722,0.7457323696653257
8,2003,3,23,-0.0591946041991343,0.2753349388873425
8,2003,4,1,-3.005999678547792,-2.608461387756737
8,2003,5,5,-0.4443889449958152,-0.0020401185022744
8,2003,6,2,-0.21627388350321197,-0.24616686402812302
8,2003,7,12,0.34109015384762,-0.3612319717003032
8,2003,8,8,0.45622281479627624,0.002690918384903901
8,2003,9,23,0.2474986913630081,0.1946452044981773
8,2003,10,26,-0.010074937673406798,0.2543925650764717
8,2003,11,46,-0.054894083389872506,0.468521129342399
8,2003,12,9,-0.1563643205366728,-0.1314818119508245
8,2004,1,25,-0.4384895126035685,0.2306849591790787
8,2004,2,18,-0.35078094204659394,0.31084392627207047
8,2004,3,23,-0.3754152074004351,0.1540054665834311
8,2004,4,19,0.6398605668419488,0.0172640846413206
8,2004,5,23,-0.217111933712283,0.340193391947697
8,2004,6,3,0.3254153068464467,-0.2744613477939621
8,2004,7,1,-0.0439112148614809,0.04824516830157
8,2004,8,10,-0.08847122663177225,0.3372250266984751
8,2004,9,9,-0.2590806060205169,-0.4197474279368146
8,2004,10,18,-0.34565891149294875,0.3940105747102935
8,2004,11,22,-0.12172858755710625,0.06808013874143179
8,2004,12,19,-0.2720814112362723,0.3779237387572819
8,2005,1,16,-0.3352384187626878,-0.47962584216844256
8,2005,3,3,0.1734635715842957,-0.2477264025033798
8,2005,4,7,-0.0899488414739746,0.4073977054035894
8,2005,5,9,-0.1198429745867745,0.5313220400445867
8,2005,6,11,-0.2719380605426773,0.3683961381562118
8,2005,7,25,0.0088087594699858,0.5804933707946764
8,2005,8,16,-0.38006859145563815,-0.16134238687461971
8,2005,9,9,-0.3421578464751011,0.005626520220769
8,2005,11,1,0.482825395443653,1.2968850616592806
8,2005,12,4,-0.25367187407952496,0.20602066161196864
8,2006,1,3,-0.4195120861605658,0.7668778766390825
8,2006,2,7,0.1740921092410207,0.6489426939577504
8,2006,3,9,-0.4075037088237261,0.0008561672374881
8,2006,4,16,-0.0221880712862627,0.02939965294482875
8,2006,5,7,-0.1968664049791106,-0.2695861518880516
8,2006,6,4,1.517431459374981,0.09058860371035182
8,2006,7,1,1.2325495231994634,2.202701703126692
8,2006,8,1,-0.3726694902683765,0.7015214196959112
8,2006,9,6,-0.21334622125997946,0.5046984903594265
8,2006,10,7,-0.0676522951242196,-0.4580150947252258
8,2006,11,19,0.1717984981427164,0.2295054762986105
8,2007,1,30,0.6130595006187889,-0.0765113570384171
8,2007,2,11,-0.2816748807340251,0.3200111293264033
8,2007,3,19,-0.4905368413726851,0.1002210472340981
8,2007,4,20,-0.09751886079592545,-0.12233426694454295
8,2007,5,4,0.1765842059151866,-0.669902641518338
8,2007,6,13,0.2333069726922404,-0.0671868896000001
8,2007,7,4,-0.00898326700644275,-0.09145802620696986
8,2007,8,1,1.6823068110178865,-0.4955095449587544
8,2007,9,35,0.0986014285730752,0.5511111417057865
8,2007,10,27,0.1854719489211353,0.3076265590814868
8,2007,11,4,0.1752113473491572,0.8832338627970598
8,2007,12,29,-0.2009353592833704,0.0248651965376508
8,2008,1,3,0.7745109760789258,-0.4327872664485854
8,2008,3,1,0.0833952280704225,0.3500355213169354
8,2008,4,1,1.0963884181909085,0.4273178607181226
8,2008,6,1,-0.5882248256025725,0.309474415594208
8,2008,8,2,-0.3329999425465715,-1.120720656480567
8,2008,10,1,0.1956057402640495,-0.2287105173972489
8,2008,11,1,-2.236846018315067,-2.2056679840774867
8,2008,12,2,0.6449825973955939,0.9518076869308612
8,2009,1,22,0.46393618481197885,0.11094778876373429
8,2009,3,19,-0.1450726966681219,0.147164465876678
8,2009,4,31,0.3899451729389699,0.242086627023574
8,2009,6,44,0.1850694642812875,0.4864427164428262
8,2009,7,7,0.0583529645886087,0.6770012811475332
8,2009,8,2,-1.0926428356049822,-0.42593316037657347
8,2009,10,1,0.1040708088843801,0.4316033151837991
8,2009,12,2,-0.3397980735182024,0.5224890238063804
8,2010,3,2,0.5862970288131295,0.40377407188746656
8,2010,7,3,1.0401728923297189,1.515482555505719
8,2010,10,2,-0.5271464031339121,-0.2985555619688429
8,2010,12,2,0.4460283750829709,-1.3616955616425452
8,2011,5,2,1.623505459182999,0.07477042774675335
8,2011,6,1,0.281031726699126,1.0541605902246511
8,2011,9,1,1.884607720678356,0.6219194306297038
8,2011,10,1,-2.419783557357217,-1.318539593582825
8,2012,4,1,0.2235370715716737,0.3271273427052221
8,2012,7,2,-0.4591926608586985,0.03048084558522695
8,2012,8,2,1.7320550152004957,-0.032523198279707066
8,2013,4,1,-0.0986601528568744,-0.0277790560271301
8,2013,8,1,-0.4814616397674379,0.5826557560755659
8,2013,9,6,-0.3897282228119853,-0.007780268520578
8,2013,10,1,-0.3045779107876926,0.3978045779758059
8,2013,11,36,-0.14082731074096985,0.3705978395330642
8,2013,12,8,-0.2833344406873229,0.385872142835044
8,2014,1,12,-0.18202409469880534,0.3163088636182617
8,2014,2,15,-0.3011816020459396,0.1855500809532106
8,2014,3,15,-0.1378720810566434,0.2494649477091532
8,2014,4,10,-0.1034789415586417,-0.2308466919474345
8,2014,5,3,-0.2979506979507509,-0.4459712639791816
8,2014,7,2,0.39843043130507083,-0.44447069964784575
8,2014,8,1,-0.3213168610147359,-1.7577659129030714
8,2014,10,1,0.3822924512937369,-0.7160990543366461
8,2015,7,1,-0.5349424754728185,-1.167120202461575
8,2015,10,1,0.674661704467923,-1.002018809927005
8,2015,11,1,-0.0348360132562336,-1.813778244359914
8,2016,2,1,0.089338768368451,-0.2331663416123615
8,2016,3,1,-0.4894561976822058,0.2705776912694601
8,2016,6,2,0.46020355328897244,0.6115072178682824
8,2016,7,1,0.0180824466511729,-0.4297075055940812
8,2017,3,1,-0.4259297864451613,-0.4097218234528345
8,2017,4,1,0.0652779057891468,0.4429263508362755
8,2017,7,1,0.0994835866877715,-0.2308335865820359
8,2017,11,2,0.3513342149549103,-0.36661827685442916
8,2017,12,1,1.4025303649314833,-0.6626422691207869
8,2018,3,1,-1.6260287126998705,-1.9306649978141115
8,2018,5,1,-0.3325754039539113,-0.3155335627649049
8,2018,6,2,0.2069855799440857,0.1378596564863589
8,2018,8,1,-0.5214344293411206,0.0915846114760319
8,2018,9,1,1.1223679746697632,1.8053077099669657
8,2018,10,10,-0.6739485404014022,-0.19476106848782432
8,2018,11,42,0.5262330881765106,0.2318841001075051
8,2018,12,11,0.2149801378587752,-0.2673582397805419
8,2019,1,13,-0.1061143889263243,-0.1893813160163977
8,2019,2,8,-0.3974691602686252,-0.5762451481266748
8,2019,3,9,0.3618263830319688,0.0412993246721873
8,2019,4,13,-0.0606611920649304,-0.4160910310072885
8,2019,5,8,0.8822555628167267,0.33042989477052387
8,2019,6,5,0.7617637913211418,-0.1906918525501996
8,2019,8,4,0.031193521631304594,0.6498731748968103
8,2019,10,1,-0.0946022255291776,-0.6354748467741012
8,2019,11,2,-0.4523559354695673,-0.0306163676229253
8,2019,12,1,2.6072716482648324,0.1327616693696974
8,2020,1,2,0.6936501578874887,-0.7389548114869514
8,2020,2,2,0.4974085717777055,0.6798975668873424
8,2020,3,3,-0.3339317220553312,0.4396106934056217
8,2020,5,1,1.0582461067053694,1.690203286198776
8,2020,6,9,1.929101570590053,-0.0802398334771695
8,2020,7,5,0.71741329210304,-0.1707848026009717
8,2020,8,2,0.6655644489097847,-0.7294599742991914
8,2020,9,4,0.5475647740883657,-0.9302538293332308
8,2020,10,2,-0.0206773755148415,-0.1212268635733943
8,2020,11,6,0.10017828620316925,-0.6831390605102023
8,2020,12,1,-0.113039330127019,0.7158586893761785
8,2021,1,2,1.1733512002129316,0.4000849115447235
8,2021,2,5,0.4609258202454642,0.2778249583017057
8,2021,3,5,1.5828765645114191,0.4205554922034815
8,2021,4,7,0.2158181880678464,-0.3822791884339899
8,2021,5,1,0.6524313199767623,1.6541373207871708
8,2021,6,2,0.02250426420129565,-0.4483957565667848
8,2021,7,5,-0.0024608104455958,-1.201194152341727
8,2021,8,1,-0.4736545404520468,-0.4459712639791816
8,2021,9,2,-0.27488777673880066,-0.01055860597231248
8,2021,10,1,-0.6353872038113275,-1.0903096562125936
8,2021,11,4,0.3040119455878725,0.8338135301055152
8,2021,12,14,0.0063717976780864,-0.061925085416648346
8,2022,1,16,-0.49040451765549636,-0.4373544862690735
8,2022,2,24,0.05158791454619685,-0.32764947302036174
8,2022,3,53,0.0302341746816076,-0.4989824667734457
8,2022,4,38,-0.007356787982363801,-0.20845617526654264
8,2022,5,45,0.4104774030593325,-0.0006378444110552
8,2022,6,61,-0.1484359244804994,-0.3875737560306984
8,2022,7,40,-0.0470428761686996,-0.42245368587918286
8,2022,8,41,-0.0685344532389158,-0.4371775638369846
8,2022,9,33,-0.044352293918829,-0.1152049482003256
8,2022,10,37,0.2514132679971099,-0.0077933738858835
8,2022,11,45,0.053853958203407,-0.1505108024223539
8,2022,12,40,-0.09996133607618465,-0.3619200033805608
8,2023,1,35,-0.0070039247364226,-0.1511791760546068
8,2023,2,26,0.154844521875359,-0.3810341787268083
8,2023,3,31,0.3357475837653007,-0.1625677385337966
8,2023,4,24,0.28962725482960316,-0.17841867791070515
8,2023,5,33,0.1679831642965846,-0.4456829459417172
8,2023,6,27,-0.0846889737148592,-0.5069374235339537
8,2023,7,28,0.3356483409773308,0.2114331774967984
8,2023,8,28,-0.0611904869336855,-0.1086063967524214
8,2023,9,13,-0.2221843428718649,-0.4983271985064982
8,2023,10,36,0.19133830038408484,-0.04036675943479285
8,2023,11,26,0.35909169287631637,0.5107859325591619
8,2023,12,27,0.3902759822319419,0.0848877697881041
8,2024,1,29,-0.4533649038132493,-0.5656625656158174
8,2024,2,20,-0.031439704514480596,-0.1102707781504009
8,2024,3,13,0.166549657360164,-0.0643430253215523
8,2024,4,20,-0.20187816576845796,-0.043649653452089945
8,2024,5,7,-0.0658548979654515,-0.1079445758028677
8,2024,6,8,-0.4568163474371121,0.01892846603934685
8,2024,7,4,0.4259151700670655,0.45734880539135403
8,2024,9,1,-0.7177697447505922,-0.2439913733819281
8,2024,11,1,0.3586947217247501,-0.4534806383180944
9,1991,1,1,0.9524863757257136,2.219306201010665
9,1998,5,1,0.001508901070694,-1.398115371918235
9,2002,4,1,-0.3142265151674768,-1.185638083684889
9,2002,5,1,-0.3689754531628704,0.0912831880732621
9,2003,1,2,0.04517021426160131,1.1013464581259402
9,2003,2,2,0.24895976574052275,-0.2835957874349383
9,2003,7,1,-0.2306199798439809,-1.2355302095286396
9,2003,8,1,-0.3209529707923884,-0.6216880024379655
9,2003,9,2,-0.5029201359082001,-0.7534821089647061
9,2003,10,1,-0.117064176525497,0.2105420126537945
9,2003,11,1,-0.0349903909262349,0.0725949371005119
9,2004,2,1,1.6058898643294628,0.5095802389480363
9,2004,3,1,-0.1149580240265696,0.5511111417057865
9,2004,4,2,-0.18194139237560153,-1.209948536387868
9,2004,11,1,-0.2229010963401536,0.6822696380136308
9,2005,3,2,-0.783975711261101,-1.3155777810162557
9,2005,6,1,-0.2466090956735167,0.9141166562172856
9,2005,8,1,-0.128399908299673,-0.508654226393248
9,2005,9,1,0.895984148477177,-0.5491104891932527
9,2006,3,1,-0.4740515116036132,0.5629846027023945
9,2006,5,3,1.2606131782242764,-0.1102249093716922
9,2006,11,2,-0.3906324348795725,-0.41570442272984726
9,2007,1,1,-0.4855967559301353,0.0402246847144419
9,2007,9,2,0.36657900987506337,1.6259476799440544
9,2007,11,1,-0.2629621017252432,0.9453729525496009
9,2008,10,1,0.1054491809386126,0.4609855442727822
9,2009,1,2,2.110120415732496,-0.4170870387730152
9,2009,3,1,-0.424264713003582,-0.5907986563350404
9,2009,4,2,-1.1624435964329487,-0.8987878471555166
9,2010,6,1,0.6251726342316448,0.2190867108544434
9,2011,9,1,1.797020446862164,-0.2735963936816622
9,2013,11,2,0.1823347741256352,0.07385960485574478
9,2014,4,2,-0.538592404672621,-0.7894497841362413
9,2015,12,2,-0.1384785647605558,-0.4033264051675835
9,2016,2,1,0.4438229797960735,2.317910969817605
9,2017,1,2,-0.4698061256765395,-0.3457676406008359
9,2017,2,1,2.160072618979091,0.4270295426806583
9,2017,5,3,0.120412787959857,1.4675431290974124
9,2017,6,2,1.41191432187689,0.8415391429725728
9,2017,8,1,-0.6637265332469243,-0.9193763761023028
9,2018,1,2,1.161491687058047,0.9258328528299027
9,2018,2,1,-0.0142927561594648,-0.8024503065520961
9,2018,4,1,-0.5730406790527324,-0.048944221048845
9,2018,6,1,1.3376035276873937,-0.0818386880485289
9,2018,7,1,-0.7004463647726058,-0.082402218758059
9,2018,8,2,-1.0528409641659886,-0.6682251547550063
9,2018,9,2,0.701793579984133,0.05072208235058129
9,2018,10,3,0.5869310799581359,-0.6782507592389397
9,2018,11,2,-0.26155616222991673,-0.7853740155159641
9,2018,12,2,0.04469605427487769,0.28849927836993394
9,2019,1,5,-0.1581506907190346,-0.3761589828208977
9,2019,2,3,-0.399895095084275,0.3903083090021985
9,2019,3,1,-0.4503986471524381,-0.0575937621722167
9,2019,4,3,-0.2661488979148068,-0.3691476123648017
9,2019,5,3,0.2170642364048901,1.5070558055930052
9,2019,6,1,0.7898715542517366,0.5939525809973384
9,2019,7,3,0.9364090440847708,0.9124915909153156
9,2019,8,4,0.282762961999378,0.6526908284445542
9,2019,9,1,-0.3426981683204191,0.7868766641456345
9,2019,10,1,1.3777637758604533,-0.3490308765701283
9,2019,12,1,1.3412865378163368,-0.0511983438870587
9,2020,1,4,0.085143003835284,-0.5122582018613195
9,2020,2,2,0.6519737004547264,-0.8945220507377984
9,2020,5,2,-0.5609054914870639,0.36290499007931665
